"","AUC","COR","MaxKappa","TSS"
"GAM",0.985048628247931,0.897554124475789,0.867469879518072,0.867469879518072
"MaxEnt",0.979242270285963,0.861562517465167,0.867469879518072,0.867469879518072
"BRT",0.985774422993178,0.839745210138151,0.903614457831325,0.903614457831325
"Ensemble",0.984322833502685,0.88480751436834,0.879518072289157,0.879518072289157
