,AUC,COR,MaxKappa,TSS
GAM,0.9950586,0.9535033,0.9502074689,0.9502074689
MaxEnt,0.9970558,0.9546315,0.9709543568,0.9709543568
BRT,0.9971591,0.9496548,0.9585062241,0.9585062241
Ensemble,0.9972452,0.962354,0.9626556017,0.9626556017