"","AUC","COR","MaxKappa","TSS"
"GAM",0.958699274388605,0.861707396701214,0.863934426229508,0.863934426229508
"MaxEnt",0.981475409836066,0.900101803450706,0.90655737704918,0.90655737704918
"BRT",0.970537489922064,0.872290492678,0.89672131147541,0.89672131147541
"Ensemble",0.976363880677237,0.887281910556155,0.898360655737705,0.898360655737705
