,AUC,COR,MaxKappa,TSS
GAM,0.831938,0.5919097,0.5632911392,0.5632911392
MaxEnt,0.8884994,0.7017121,0.6898734177,0.6898734177
BRT,0.9050032,0.692251,0.7594936709,0.7594936709
Ensemble,0.8892605,0.6918347,0.6772151899,0.6772151899