,AUC,COR,MaxKappa,TSS
GAM,0.9745429,0.9001936,0.9060773481,0.9060773481
MaxEnt,0.9768627,0.8648688,0.8784530387,0.8784530387
BRT, 0.9834865,0.8519361,0.9060773481,0.9060773481
Ensemble,0.9820213,0.8898627,0.9060773481,0.9060773481