,AUC,COR,MaxKappa,TSS
GAM,0.8976718,0.6932525,0.6371490281,0.6371490281
MaxEnt,0.9228946,0.7429137,0.6803455724,0.6803455724
BRT,0.9354011,0.7513994,0.7213822894,0.7213822894
Ensemble,0.9283665,0.7531917,0.6954643629,0.6954643629