"","AUC","COR","MaxKappa","TSS"
"GAM",0.869996242237253,0.650057396699244,0.610062893081761,0.610062893081761
"MaxEnt",0.910866856532574,0.722409499821117,0.660377358490566,0.660377358490566
"BRT",0.931821328270242,0.729924412940008,0.704402515723271,0.704402515723271
"Ensemble",0.919035046082038,0.733105462728626,0.688679245283019,0.688679245283019
