"","AUC","COR","MaxKappa","TSS"
"GAM",0.889888231426693,0.680476283924713,0.656410256410256,0.656410256410256
"MaxEnt",0.934858645627876,0.772819904219928,0.743589743589744,0.743589743589744
"BRT",0.957685733070348,0.765950336934735,0.8,0.8
"Ensemble",0.933990795529257,0.772850980172255,0.764102564102564,0.764102564102564
