"","AUC","COR","MaxKappa","TSS"
"GAM",0.987534626038781,0.948777910187161,0.947368421052632,0.947368421052632
"MaxEnt",0.987534626038781,0.900733473627411,0.947368421052631,0.947368421052631
"BRT",0.990997229916898,0.851743842866647,0.921052631578947,0.921052631578947
"Ensemble",0.993074792243767,0.928509010449216,0.973684210526316,0.973684210526316
