"","AUC","COR","MaxKappa","TSS"
"GAM",0.939879186431108,0.812920142305002,0.794071762870515,0.794071762870515
"MaxEnt",0.948908564766928,0.848811089051229,0.839313572542902,0.839313572542902
"BRT",0.963314195594345,0.859601464224567,0.848673946957878,0.848673946957878
"Ensemble",0.954189899265237,0.854251378559436,0.84399375975039,0.84399375975039
