,AUC,COR,MaxKappa,TSS
GAM,0.8898328,0.7017379,0.6708229426,0.6708229426
MaxEnt,0.9189433,0.7512323,0.7057356608,0.7057356608
BRT,0.9292977,0.7566728,0.7256857855,0.7256857855
Ensemble,0.9232965,0.757598,0.7157107232,0.7157107232