"","AUC","COR","MaxKappa","TSS"
"GAM",0.85776134122288,0.625046219398349,0.561538461538462,0.561538461538462
"MaxEnt",0.951824457593688,0.823052371891823,0.817948717948718,0.817948717948718
"BRT",0.968471400394477,0.856236967505107,0.876923076923077,0.876923076923077
"Ensemble",0.95638067061144,0.827353849123337,0.830769230769231,0.830769230769231
