"","AUC","COR","MaxKappa","TSS"
"GAM",0.764172335600907,0.549351413010987,0.619047619047619,0.619047619047619
"MaxEnt",0.904761904761905,0.472863403835966,0.619047619047619,0.619047619047619
"BRT",0.920634920634921,0.718439596788293,0.80952380952381,0.80952380952381
"Ensemble",0.854875283446712,0.651476537886382,0.666666666666667,0.666666666666667
