"","AUC","COR","MaxKappa","TSS"
"GAM",0.714285714285714,0.740463603799304,0.714285714285714,0.714285714285714
"MaxEnt",0.857142857142857,0.755907170902509,0.857142857142857,0.857142857142857
"BRT",0.857142857142857,0.553603877760847,0.857142857142857,0.857142857142857
"Ensemble",0.857142857142857,0.736660711115921,0.857142857142857,0.857142857142857
