"","AUC","COR","MaxKappa","TSS"
"GAM",0.71,0.320319196784657,0.4,0.4
"MaxEnt",0.86,0.536665696310223,0.7,0.7
"BRT",0.74,0.449841526023047,0.5,0.5
"Ensemble",0.76,0.401234924529568,0.5,0.5
