"","AUC","COR","MaxKappa","TSS"
"GAM",0.991735537190083,0.92667619899728,0.909090909090909,0.909090909090909
"MaxEnt",0.995179063360882,0.905305244281959,0.924242424242424,0.924242424242424
"BRT",0.993342516069789,0.865256938224827,0.939393939393939,0.939393939393939
"Ensemble",0.993342516069789,0.918952633982,0.939393939393939,0.939393939393939
