"","AUC","COR","MaxKappa","TSS"
"GAM",0.979737648026209,0.896329758620675,0.875318066157761,0.875318066157761
"MaxEnt",0.986354719033467,0.90264063877165,0.885496183206107,0.885496183206107
"BRT",0.987209370083328,0.900213140054998,0.888040712468193,0.888040712468193
"Ensemble",0.986982758062532,0.908100922709695,0.885496183206107,0.885496183206107
