"","AUC","COR","MaxKappa","TSS"
"GAM",0.948137326515705,0.82416154506635,0.810810810810811,0.810810810810811
"MaxEnt",0.981008035062089,0.878858940273409,0.891891891891892,0.891891891891892
"BRT",0.981008035062089,0.827755432324018,0.864864864864865,0.864864864864865
"Ensemble",0.986851716581446,0.894386384772673,0.864864864864865,0.864864864864865
