"","AUC","COR","MaxKappa","TSS"
"GAM",0.865472910927456,0.699813613316856,0.772727272727273,0.772727272727273
"MaxEnt",0.904040404040404,0.664554242806611,0.787878787878788,0.787878787878788
"BRT",0.806244260789715,0.244962962903369,0.575757575757576,0.575757575757576
"Ensemble",0.892102846648301,0.690089517538463,0.757575757575758,0.757575757575758
