"","AUC","COR","MaxKappa","TSS"
"GAM",0.960884353741497,0.823119158455537,0.80952380952381,0.80952380952381
"MaxEnt",0.965419501133787,0.835092074525901,0.833333333333333,0.833333333333333
"BRT",0.96031746031746,0.728812709703573,0.857142857142857,0.857142857142857
"Ensemble",0.959750566893424,0.82751257146653,0.857142857142857,0.857142857142857
