"","AUC","COR","MaxKappa","TSS"
"GAM",0.918422680831038,0.779975833522826,0.76661514683153,0.76661514683153
"MaxEnt",0.93517100683454,0.828977051864509,0.823802163833076,0.823802163833076
"BRT",0.950156351153463,0.833420825724288,0.823802163833076,0.823802163833076
"Ensemble",0.940424118927209,0.828328730147091,0.816074188562597,0.816074188562597
