"","AUC","COR","MaxKappa","TSS"
"GAM",0.970570749108205,0.841594013728728,0.844827586206897,0.844827586206897
"MaxEnt",0.98602853745541,0.857312031068867,0.879310344827586,0.879310344827586
"BRT",0.98602853745541,0.835155201918733,0.862068965517242,0.862068965517242
"Ensemble",0.989892984542212,0.879177688454366,0.913793103448276,0.913793103448276
