"","AUC","COR","MaxKappa","TSS"
"GAM",0.986961451247165,0.90774067805774,0.928571428571429,0.928571428571429
"MaxEnt",0.994897959183674,0.900759731574662,0.952380952380952,0.952380952380952
"BRT",0.993764172335601,0.789797983907341,0.928571428571429,0.928571428571429
"Ensemble",0.989229024943311,0.896821689277728,0.952380952380952,0.952380952380952
