"","AUC","COR","MaxKappa","TSS"
"GAM",0.611111111111111,0.295233147942286,0.333333333333333,0.333333333333333
"MaxEnt",0.611111111111111,0.337238633556749,0.333333333333333,0.333333333333333
"BRT",0.277777777777778,-0.18913086052802,0,0
"Ensemble",0.611111111111111,0.252781464739921,0.333333333333333,0.333333333333333
