"","AUC","COR","MaxKappa","TSS"
"GAM",0.986666666666667,0.805951493115488,0.933333333333333,0.933333333333333
"MaxEnt",0.995555555555556,0.792081476082563,0.933333333333333,0.933333333333333
"BRT",0.977777777777778,0.769500386733482,0.866666666666667,0.866666666666667
"Ensemble",0.991111111111111,0.851069654847068,0.933333333333333,0.933333333333333
