"","AUC","COR","MaxKappa","TSS"
"GAM",0.9224,0.798613888731528,0.82,0.82
"MaxEnt",0.9232,0.744273433099918,0.8,0.8
"BRT",0.9468,0.668475625737246,0.74,0.74
"Ensemble",0.9432,0.795707013090364,0.84,0.84
