"","AUC","COR","MaxKappa","TSS"
"GAM",0.98804012345679,0.9286883915661,0.944444444444444,0.944444444444444
"MaxEnt",0.999421296296296,0.968845478141957,0.972222222222222,0.972222222222222
"BRT",0.995756172839506,0.932383274257297,0.944444444444445,0.944444444444445
"Ensemble",0.99633487654321,0.956278427750176,0.972222222222222,0.972222222222222
