"","AUC","COR","MaxKappa","TSS"
"GAM",0.910451953132744,0.75583341026011,0.737789203084833,0.737789203084833
"MaxEnt",0.930885336470153,0.79361341376261,0.781491002570694,0.781491002570694
"BRT",0.936119243198234,0.771531268581113,0.789203084832905,0.789203084832905
"Ensemble",0.93204181838608,0.790387211326215,0.776349614395887,0.776349614395887
