"","AUC","COR","MaxKappa","TSS"
"GAM",0.982698961937716,0.89500215004894,0.941176470588235,0.941176470588235
"MaxEnt",0.982698961937716,0.833282272312231,0.941176470588235,0.941176470588235
"BRT",0.982698961937716,0.739011369060877,0.882352941176471,0.882352941176471
"Ensemble",0.982698961937716,0.855663877774484,0.941176470588235,0.941176470588235
