"","AUC","COR","MaxKappa","TSS"
"GAM",0.960743801652893,0.823392707185092,0.818181818181818,0.818181818181818
"MaxEnt",0.925619834710744,0.763589733890281,0.727272727272727,0.727272727272727
"BRT",0.962809917355372,0.5911877505454,0.681818181818182,0.681818181818182
"Ensemble",0.973140495867769,0.802361849393858,0.863636363636364,0.863636363636364
