"","AUC","COR","MaxKappa","TSS"
"GAM",0.8962,0.738617643446181,0.76,0.76
"MaxEnt",0.9374,0.774067141138311,0.84,0.84
"BRT",0.9338,0.64656920276132,0.78,0.78
"Ensemble",0.9362,0.777140937266382,0.8,0.8
