"","AUC","COR","MaxKappa","TSS"
"GAM",0.715230536659108,0.480246077966932,0.531746031746032,0.531746031746032
"MaxEnt",0.978961955152431,0.87882447337637,0.888888888888889,0.888888888888889
"BRT",0.987339380196523,0.853989772466227,0.904761904761905,0.904761904761905
"Ensemble",0.951625094482237,0.812750365948265,0.857142857142857,0.857142857142857
