"","AUC","COR","MaxKappa","TSS"
"GAM",0.97979797979798,0.906149499074564,0.924242424242424,0.924242424242424
"MaxEnt",0.97910927456382,0.848518742833548,0.893939393939394,0.893939393939394
"BRT",0.97979797979798,0.85196681540991,0.893939393939394,0.893939393939394
"Ensemble",0.980257116620753,0.888639986401174,0.909090909090909,0.909090909090909
